Stock,"Market Cap","Current Price","High / Low","Stock P/E","Book Value","Dividend Yield",ROCE,ROE,"Face Value"
ASHOKA,"5,066",180,196,17.9,123,0.00,14.7,12.2,5.00
BORORENEW,"7,124",546,669,835,67.9,0.00,11.6,10.7,1.00
IRB,"40,805",67.6,72.0,80.9,15.2,0.29,5.80,4.27,1.00
JSWENERGY,"87,217",530,531,118,86.4,0.39,6.49,4.41,10.0
NBCC,"25,497",142,177,62.8,10.9,0.38,26.4,19.0,1.00
GSFC,"9,036",227,322,12.2,307,4.44,13.4,10.9,2.00
GMDCLTD,"12,952",407,506,15.0,182,2.81,31.5,23.0,2.00
LANDMARK,"2,966",720,905,42.2,116,0.31,17.2,13.4,5.00
SEQUENT,"3,639",146,156,"2,493",42.6,0.00,-0.68,-0.58,2.00
PATANJALI,"59,887","1,654","1,741",72.8,282,0.36,13.5,11.1,2.00
NAM-INDIA,"32,430",516,541,35.2,54.8,2.20,27.2,21.1,10.0
NYKAA,"43,253",152,196,941,5.85,0.00,5.33,3.83,1.00
EASEMYTRIP,"8,522",48.1,54.0,51.2,3.46,0.21,54.6,46.9,1.00
JTEKTINDIA,"3,683",151,182,42.0,29.0,0.33,15.5,12.7,1.00
JCHAC,"3,081","1,133","1,393",,207,0.00,-9.55,-9.46,10.0
SUPRAJIT,"6,030",436,447,29.4,86.0,0.54,21.0,18.3,1.00
LATENTVIEW,"10,614",516,545,93.3,50.4,0.00,16.0,12.6,1.00
ICIL,"7,065",357,357,23.5,95.8,0.58,14.1,14.2,2.00
ISGEC,"6,359",865,"1,178",28.5,278,0.35,12.4,9.58,1.00
ALOKINDS,"14,945",30.1,39.2,,-35.7,0.00,-6.53,,1.00
SIEMENS,"1,60,568","4,509","4,610",82.9,366,0.22,20.7,15.4,2.00
PRICOLLTD,"5,102",419,444,44.5,60.2,0.00,18.5,16.8,1.00
ACLGATI,"1,568",120,178,202,54.0,0.00,0.48,0.45,2.00
DLF,"2,20,389",890,908,119,114,0.44,9.71,8.23,2.00
CAPLIPOINT,"11,198","1,475","1,619",41.8,167,0.31,28.2,22.5,2.00
BAYERCROP,"26,452","5,886","6,202",33.0,697,2.22,33.7,25.9,10.0
DIVGIITTS,"2,594",848,"1,150",59.0,184,0.40,15.5,11.5,5.00
SURYAROSNI,"6,733",619,842,17.7,182,0.94,22.8,19.7,5.00
POONAWALLA,"36,312",471,520,36.1,101,0.43,8.91,9.38,2.00
MOTILALOFS,"25,217","1,698","1,938",23.7,348,0.82,12.9,13.1,1.00
AHLUCONT,"7,676","1,146","1,276",31.0,199,0.03,24.7,17.0,2.00
NATIONALUM,"28,973",158,169,18.5,74.1,2.86,15.1,12.0,5.00
DCAL,"3,818",244,253,,261,0.00,-0.75,-1.34,2.00
COCHINSHIP,"22,688",862,945,41.5,179,0.98,8.66,6.57,5.00
MFSL,"32,096",930,"1,069",,196,0.00,0.29,0.21,2.00
GODREJPROP,"67,786","2,438","2,488",110,367,0.00,6.07,5.78,5.00
ABB,"1,10,299","5,205","5,523",88.3,281,0.10,30.5,22.9,2.00
JTLIND,"4,475",262,276,37.3,27.9,0.04,34.6,30.1,2.00
CHOICEIN,"5,720",287,302,"2,509",15.6,0.00,1.93,0.76,10.0
AVALON,"3,433",523,732,79.3,100,0.00,9.72,6.43,2.00
GNFC,"9,925",675,815,14.3,594,4.41,22.9,17.3,10.0
MINDACORP,"10,313",431,450,39.3,69.0,0.28,15.4,20.9,2.00
TI,"4,344",226,291,32.8,29.7,0.11,15.2,23.2,10.0
THOMASCOOK,"8,016",170,190,99.0,38.8,0.24,3.09,0.09,1.00
NFL,"5,016",102,130,,48.5,2.73,15.0,17.9,10.0
SCI,"11,212",241,291,16.5,140,0.18,10.3,13.3,10.0
JINDALSAW,"16,522",517,558,11.5,288,0.57,10.9,7.25,2.00
GREENPLY,"3,370",272,275,39.4,54.2,0.19,23.2,20.2,1.00
SSWL,"4,039",257,299,19.6,78.0,0.39,21.4,18.6,1.00
APOLLOTYRE,"33,155",522,560,27.1,157,0.77,8.79,5.89,1.00
MSTCLTD,"6,669",947,"1,165",29.2,101,1.61,46.3,45.2,10.0
SOLARINDS,"61,987","6,850","8,499",108,218,0.12,33.7,28.3,2.00
OBEROIRLTY,"49,604","1,364","1,586",79.5,216,0.29,9.17,9.37,10.0
HEROMOTOCO,"89,838","4,494","4,980",22.8,895,2.21,23.0,17.4,2.00
TIPSINDLTD,"6,670",519,521,55.7,14.3,1.16,88.6,64.0,1.00
ETHOSLTD,"6,513","2,789","2,852",86.4,286,0.00,17.4,13.8,10.0
CARERATING,"3,608","1,209","1,214",32.7,241,1.41,20.4,15.4,10.0
ADANIPORTS,"2,88,595","1,336","1,337",101,131,0.38,7.46,12.2,2.00
BLS,"15,323",372,430,464,1.90,0.20,56.5,50.0,1.00
CHALET,"17,937",873,892,72.8,82.6,0.00,9.31,11.2,10.0
AMBER,"12,998","3,858","4,615",329,491,0.00,5.98,3.10,10.0
KAYNES,"18,677","2,922","3,000",162,158,0.00,21.5,16.3,10.0
FINOPB,"2,636",317,384,31.7,66.4,0.00,7.17,12.6,10.0
RCF,"8,093",147,190,39.3,85.5,3.61,21.2,21.2,10.0
MANKIND,"84,797","2,117","2,297",51.4,216,0.00,20.7,17.0,1.00
KALYANKJIL,"39,312",382,410,77.1,37.4,0.13,13.9,11.9,10.0
INFIBEAM,"10,280",37.0,40.0,72.4,10.9,0.14,5.50,4.06,1.00
MAPMYINDIA,"9,810","1,814","2,344",77.1,112,0.15,29.0,22.4,2.00
CESC,"16,881",127,150,20.3,77.3,3.57,9.39,8.00,1.00
SUNTECK,"7,207",492,512,,128,0.31,1.30,-0.60,1.00
PCBL,"11,620",308,344,23.4,82.8,1.81,18.3,16.4,1.00
PHOENIXLTD,"49,944","2,795","3,485",175,277,0.16,6.17,4.98,2.00
LLOYDSENGG,"6,591",57.7,62.9,101,2.29,0.17,29.2,25.4,1.00
BALKRISIND,"44,004","2,276","2,796",36.3,426,0.72,14.2,14.2,2.00
CENTURYTEX,"15,973","1,430","1,599",56.8,370,0.35,9.45,6.77,10.0
TRENT,"1,38,733","3,903","4,100",157,96.8,0.06,13.0,15.3,1.00
STAR,"7,489",815,839,85.5,377,0.19,1.89,0.61,10.0
ABBOTINDIA,"60,300","28,377","29,639",52.7,"1,463",0.63,41.1,31.6,10.0
ACCELYA,"2,891","1,936","2,128",25.2,177,3.37,54.3,43.2,10.0
GRINFRA,"12,125","1,254","1,382",18.0,574,0.00,21.0,17.6,5.00
GRANULES,"11,435",472,480,24.7,118,0.32,19.5,19.1,1.00
MHRIL,"8,743",433,470,48.9,41.3,0.00,25.1,24.3,10.0
HINDPETRO,"73,736",520,595,4.90,277,2.90,-10.8,-27.0,10.0
SBILIFE,"1,54,266","1,541","1,548",82.9,144,0.16,15.5,14.0,10.0
UTIAMC,"11,622",913,965,21.2,264,2.42,17.3,13.0,10.0
EPIGRAL,"5,200","1,252","1,468",26.6,272,0.41,32.1,39.4,10.0
STYLAMIND,"2,666","1,573","1,980",22.6,278,0.15,31.8,26.3,5.00
KIRLOSBROS,"7,362",927,"1,062",38.0,161,0.49,16.9,13.5,2.00
HEMIPROP,"6,263",220,265,,12.7,0.00,-0.30,-1.75,10.0
INDIGO,"1,21,932","3,159","3,301",17.0,-77.5,0.00,6.90,,10.0
UJJIVAN,"6,536",537,615,35.3,155,0.92,6.78,5.91,10.0
GET&D,"21,687",847,855,245,44.3,0.00,7.53,-0.20,2.00
ROLEXRINGS,"5,830","2,141","2,620",32.6,308,0.00,31.8,30.8,10.0
INTELLECT,"13,374",978,"1,058",75.3,121,0.26,13.7,8.93,5.00
VBL,"2,00,750","1,545","1,560",113,54.5,0.08,24.8,28.2,5.00
MANINFRA,"8,026",216,249,50.6,32.8,0.74,19.7,15.4,2.00
APOLLOHOSP,"96,269","6,695","6,874",96.4,507,0.22,15.8,16.5,5.00
TRIDENT,"22,530",44.2,52.9,54.4,8.12,0.80,11.6,10.6,1.00
ADANIENT,"3,78,252","3,318","3,327",148,133,0.04,22.1,17.4,1.00
BRIGADE,"23,151","1,002","1,108",88.1,173,0.20,11.1,9.26,10.0
LEMONTREE,"11,202",141,147,121,13.9,0.00,10.2,7.80,10.0
BLUESTARCO,"26,936","1,310","1,318",84.6,112,0.94,22.4,21.0,2.00
AEGISCHEM,"15,098",430,472,34.2,63.2,1.33,45.9,43.9,1.00
PARADEEP,"6,467",79.4,85.9,73.2,42.2,0.62,11.0,11.0,10.0
MAXHEALTH,"81,612",840,910,143,72.5,0.12,8.51,10.4,10.0
ECLERX,"12,108","2,470","2,828",32.8,272,0.04,39.7,31.7,10.0
APOLLOPIPE,"2,922",742,799,57.3,142,0.08,8.91,5.53,10.0
HCC,"6,641",43.9,47.9,44.1,5.33,0.00,30.8,4.83,1.00
ARVIND,"7,509",287,319,24.8,126,1.32,11.8,10.2,10.0
BIRLACORPN,"13,295","1,726","1,770",73.6,703,0.15,2.87,1.27,10.0
WONDERLA,"5,386",952,"1,014",31.6,183,0.26,22.0,16.4,10.0
ADANIENSOL,"1,27,250","1,141","1,250",221,96.2,0.00,4.61,2.38,10.0
GPIL,"10,479",771,845,11.8,285,0.51,29.5,23.2,5.00
LTTS,"57,391","5,429","5,679",45.9,426,0.83,32.6,25.0,2.00
JSL,"53,688",652,658,19.8,152,0.23,21.4,19.3,2.00
CEATLTD,"11,871","2,935","3,000",17.6,904,0.41,9.96,7.10,10.0
GANESHHOUC,"6,972",836,836,29.1,120,0.30,16.0,10.0,10.0
PRUDENT,"5,760","1,391","1,449",62.1,74.0,0.11,41.6,32.0,5.00
BCG,"3,650",18.1,36.8,202,7.80,0.00,0.86,0.58,2.00
VTL,"12,459",431,456,21.8,296,0.80,10.7,9.06,2.00
GLS,"10,837",884,900,20.9,195,2.52,29.9,22.3,2.00
MAYURUNIQ,"2,286",520,618,19.9,184,0.38,17.8,14.4,5.00
BAJAJ-AUTO,"2,40,987","8,510","8,650",34.6,896,1.65,28.1,21.3,10.0
SUZLON,"59,686",44.3,50.7,,2.59,0.00,3.20,,2.00
RVNL,"56,410",271,346,41.1,34.1,0.79,17.7,20.9,10.0
DBREALTY,"13,843",276,285,18.7,94.2,0.00,1.94,1.28,10.0
OLECTRA,"16,667","2,031","2,222",186,108,0.02,13.9,8.68,4.00
KTKBANK,"8,234",237,287,5.94,263,2.12,5.86,15.4,10.0
PETRONET,"43,118",287,296,12.6,107,2.43,26.6,22.8,10.0
LT,"4,77,656","3,475","3,739",51.2,432,0.70,13.9,11.7,2.00
WOCKPHARMA,"8,082",561,595,,106,0.00,-1.22,-11.6,5.00
APLAPOLLO,"40,455","1,458","1,806",73.8,98.2,0.35,27.0,21.7,2.00
EIHOTEL,"25,352",405,486,47.3,51.5,0.26,15.5,12.0,2.00
HDFCAMC,"81,011","3,795","3,894",45.4,282,1.25,32.3,24.5,5.00
JINDALSTEL,"79,618",780,805,16.3,420,0.25,13.8,6.76,1.00
CONCOR,"59,802",982,"1,035",49.2,191,1.12,13.8,10.6,5.00
POLICYBZR,"48,956","1,085","1,114",610,168,0.00,-1.18,-1.20,2.00
TATAMTRDVR,"31,494",619,636,,375,0.34,,,2.00
CENTURYPLY,"16,208",730,850,46.1,92.2,0.13,27.8,22.9,1.00
MOLDTKPAC,"2,875",867,"1,105",40.1,179,0.68,19.6,16.1,5.00
AARTIDRUGS,"4,849",524,646,30.5,120,0.19,15.3,14.6,10.0
BOSCHLTD,"83,478","28,304","29,200",49.6,"3,929",1.71,17.4,13.2,10.0
EQUITASBNK,"11,515",102,116,14.7,46.4,0.98,8.04,12.2,10.0
DBL,"6,648",455,504,21.1,329,0.02,8.89,2.53,10.0
CIPLA,"1,18,964","1,474","1,494",36.2,321,0.59,14.9,10.8,2.00
SCHAEFFLER,"45,681","2,923","3,726",50.1,308,0.82,26.8,20.0,2.00
TDPOWERSYS,"4,591",294,314,38.4,41.4,0.18,20.9,15.9,2.00
BHARATFORG,"52,756","1,133","1,330",40.3,175,0.64,12.6,13.1,2.00
TATAMOTORS,"3,43,825",940,950,57.6,69.6,0.21,8.23,13.8,2.00
IPCALAB,"30,817","1,215","1,264",56.0,245,0.33,11.3,8.57,1.00
SUNPHARMA,"3,73,924","1,558","1,568",90.7,100,0.74,16.8,13.9,1.00
CHEMPLASTS,"7,424",470,543,,249,0.00,6.00,4.77,5.00
PSPPROJECT,"2,498",694,846,16.1,241,0.35,24.8,18.1,10.0
NAUKRI,"67,762","5,237","5,545",82.7,"1,285",0.37,7.37,4.84,10.0
HCLTECH,"4,47,836","1,650","1,697",38.1,146,3.17,34.2,26.9,2.00
BHARTIARTL,"6,52,366","1,109","1,201",122,144,0.36,8.39,-0.53,5.00
ITI,"29,898",311,384,,21.7,0.00,-3.60,-14.7,10.0
NEOGEN,"3,557","1,348","1,859",87.4,188,0.22,13.2,10.9,10.0
FSL,"14,600",207,222,51.1,35.0,1.69,12.7,10.6,10.0
TINPLATE,"4,506",430,462,48.3,118,0.70,15.8,11.1,10.0
GLENMARK,"26,380",935,939,25.1,651,0.29,10.9,9.12,1.00
INDHOTEL,"80,844",568,603,76.3,63.9,0.17,12.4,9.91,1.00
TATASTEEL,"1,79,763",144,147,10.3,103,2.52,15.1,12.3,1.00
BEPL,"2,443",98.2,118,16.0,35.8,3.05,19.1,13.3,1.00
RAINBOW,"12,997","1,280","1,469",59.0,115,0.23,23.7,24.4,10.0
LAURUSLABS,"21,343",396,445,104,75.2,0.51,22.2,20.4,2.00
DCXINDIA,"3,800",341,393,45.7,61.3,0.00,13.1,20.9,2.00
CUMMINSIND,"73,926","2,667","2,860",52.2,204,0.92,26.8,21.6,2.00
BSOFT,"21,753",788,862,85.0,48.8,0.43,17.8,13.8,2.00
MARICO,"68,509",530,595,65.1,33.1,0.85,43.1,35.1,1.00
FIVESTAR,"21,068",721,877,27.4,162,0.00,14.4,15.0,1.00
ELECON,"11,410","1,017","1,122",41.4,107,0.20,24.5,19.1,2.00
LTIM,"1,62,349","5,482","6,443",36.2,588,1.09,38.4,28.5,1.00
LICI,"6,68,584","1,057","1,175",16.6,96.7,0.38,149,130,10.0
COALINDIA,"2,74,858",446,488,17.7,28.1,5.45,91.2,89.4,10.0
IEX,"13,081",147,173,39.8,9.56,0.68,51.8,39.4,1.00
JUBLPHARMA,"9,159",575,627,,147,0.86,4.28,2.68,1.00
BDL,"33,700","1,839","1,939",70.6,184,0.52,15.6,11.3,10.0
DIVISLAB,"95,728","3,606","4,074",70.2,475,0.82,19.3,14.8,2.00
JKIL,"5,364",709,714,17.7,325,0.51,17.4,12.4,5.00
SHYAMMETL,"18,402",659,772,50.5,157,0.27,7.63,7.30,10.0
DOLLAR,"2,771",489,508,45.4,131,0.61,9.79,8.33,2.00
EIDPARRY,"11,331",638,664,53.8,161,1.50,12.3,9.93,1.00
BERGEPAINT,"65,913",565,680,64.0,39.1,0.48,24.0,20.6,1.00
HEIDELBERG,"4,787",211,247,31.0,61.4,3.31,10.7,6.55,10.0
MOTHERSON,"77,997",115,123,119,46.4,0.55,2.86,2.47,1.00
TITAGARH,"13,329",990,"1,249",50.0,103,0.05,24.0,14.6,2.00
QUESS,"7,937",535,582,27.6,152,1.50,9.16,8.34,10.0
PRESTIGE,"49,204","1,227","1,440",219,169,0.13,7.15,5.00,10.0
CONCORDBIO,"15,755","1,506","1,608",52.4,129,0.00,26.2,19.6,1.00
VSTTILLERS,"2,855","3,305","4,196",22.6,"1,009",0.75,15.9,11.7,10.0
HONAUT,"33,855","38,297","44,150",72.8,"3,772",0.25,19.5,14.5,10.0
CIEINDIA,"17,413",459,580,31.0,130,0.00,15.0,12.0,10.0
SOMANYCERA,"2,775",677,819,27.1,194,0.44,13.0,11.9,2.00
NH,"28,487","1,394","1,445",79.5,78.5,0.18,22.7,19.2,10.0
TTKPRESTIG,"10,451",754,833,44.5,140,0.80,18.9,14.2,1.00
AUTOAXLES,"2,890","1,913","2,693",16.7,525,1.68,30.8,23.4,10.0
GUJGASLTD,"39,765",578,621,36.1,102,1.14,31.3,24.3,2.00
GODFRYPHLP,"14,487","2,786","2,808",17.7,656,1.56,20.9,17.2,2.00
RADICO,"21,559","1,612","1,885",91.2,168,0.18,11.6,9.82,2.00
BSE,"30,715","2,269","2,599",107,198,0.54,10.4,7.33,2.00
VIJAYA,"6,724",658,719,59.8,58.3,0.15,18.2,16.3,1.00
GHCL,"4,910",513,660,6.73,286,3.40,35.6,31.3,10.0
GALAXYSURF,"8,659","2,442","2,989",39.8,371,0.88,21.4,18.2,10.0
EXIDEIND,"27,982",329,354,28.6,149,0.61,10.7,7.97,1.00
FUSION,"5,596",556,691,11.5,256,0.00,14.2,21.2,10.0
GRINDWELL,"23,867","2,156","2,495",60.9,166,0.67,26.8,20.1,5.00
FIEMIND,"3,333","2,533","2,590",21.3,607,0.60,26.5,19.8,10.0
JKPAPER,"6,389",377,452,7.31,246,2.11,25.0,25.7,10.0
KIMS,"18,072","2,258","2,310",69.0,220,0.00,22.6,16.8,10.0
JISLJALEQS,"3,920",57.8,73.4,54.5,71.3,0.00,5.66,1.20,2.00
LUPIN,"72,432","1,590","1,701",35.2,423,0.25,3.18,2.25,2.00
BALRAMCHIN,"7,650",379,486,15.7,152,0.78,10.2,9.75,1.00
RUPA,"2,222",279,309,34.9,114,1.08,7.52,5.88,1.00
SUVENPHAR,"17,107",672,768,44.8,76.5,0.15,33.6,25.8,1.00
POWERINDIA,"24,970","5,892","6,528",247,289,0.06,12.9,8.03,2.00
NMDC,"69,499",237,253,12.1,82.5,2.80,21.2,16.1,1.00
CREDITACC,"23,717","1,490","1,796",17.6,364,0.00,12.1,17.8,10.0
CARBORUNIV,"20,525","1,079","1,305",58.5,113,0.32,21.1,16.7,1.00
IGL,"30,401",434,516,17.9,115,2.98,26.7,20.0,2.00
RAJESHEXPO,"9,733",330,708,,172,0.30,2.00,0.61,1.00
LAOPALA,"3,909",352,480,29.3,74.6,1.41,22.1,16.0,2.00
PIIND,"55,864","3,682","4,011",34.4,520,0.27,21.7,18.4,1.00
NTPC,"3,25,517",336,348,17.9,149,2.16,10.6,13.0,10.0
VOLTAMP,"8,930","8,826","9,110",30.8,"1,152",0.43,25.1,19.2,10.0
HUDCO,"41,690",208,227,20.2,78.6,1.87,8.81,11.4,10.0
MOL,"2,556",100,104,,62.6,1.35,18.2,16.2,1.00
SYNGENE,"29,649",738,860,62.5,95.4,0.07,15.0,13.6,10.0
TATACOMM,"51,964","1,823","1,957",91.3,342,1.15,12.4,8.60,10.0
BPCL,"1,31,337",605,688,4.38,324,3.46,7.12,5.76,10.0
SONATSOFTW,"23,094",824,866,67.6,21.9,0.94,43.8,39.2,1.00
JBCHEPHARM,"25,545","1,646","1,940",50.5,173,0.55,21.7,17.0,1.00
NCC,"16,092",256,265,25.8,102,0.86,17.5,8.84,2.00
CCL,"8,512",640,750,72.1,83.3,0.86,14.6,16.1,2.00
M&M,"2,40,915","1,937","1,968",22.4,383,0.83,20.4,18.2,5.00
MARUTI,"3,61,348","11,493","11,720",30.2,"2,045",0.78,14.6,11.5,5.00
JKTYRE,"13,354",512,554,26.0,119,0.39,10.2,7.55,2.00
KOLTEPATIL,"3,799",500,585,322,108,0.79,3.39,0.38,10.0
PNCINFRA,"11,435",446,463,18.1,165,0.12,22.0,16.7,2.00
DODLA,"5,887",990,"1,084",44.4,160,0.00,13.4,11.1,10.0
RAJRATAN,"3,345",659,920,58.3,63.8,0.30,29.3,25.7,2.00
ASTRAL,"55,572","2,069","2,180",98.1,107,0.14,25.1,17.9,1.00
EPL,"6,073",191,236,34.3,28.4,2.24,20.7,24.8,2.00
JAICORPLTD,"5,928",332,424,142,75.8,0.15,4.84,0.88,1.00
TIRUMALCHM,"2,657",260,269,43.6,98.3,0.59,16.7,13.0,1.00
IRCON,"22,154",236,281,26.8,58.1,1.27,18.0,15.8,2.00
TEGA,"8,269","1,243","1,380",72.9,162,0.15,14.1,11.7,10.0
KPITTECH,"43,589","1,590","1,764",137,54.4,0.26,27.7,21.5,10.0
TECHM,"1,27,379","1,304","1,416",56.0,238,2.45,19.3,14.7,5.00
PTC,"5,963",201,255,14.9,139,3.87,9.63,8.07,10.0
JBMA,"26,104","2,208","2,428",337,85.8,0.06,12.9,12.8,2.00
TORNTPHARM,"88,971","2,629","2,700",76.3,203,0.84,17.7,16.0,5.00
BEL,"1,48,864",204,210,41.3,19.9,0.89,31.1,23.5,1.00
GLAND,"30,241","1,836","2,196",36.2,510,0.00,14.7,10.8,1.00
ZOMATO,"1,46,232",166,168,126,25.2,0.00,0.29,0.20,1.00
SULA,"4,738",561,700,48.6,65.5,0.93,19.9,18.3,2.00
FINCABLES,"14,856",971,"1,219",26.5,256,0.72,18.5,14.4,2.00
INGERRAND,"11,179","3,541","3,586",49.5,196,1.41,43.6,32.3,10.0
ANANDRATHI,"15,482","3,701","3,772",74.0,141,0.33,47.9,38.0,5.00
SWSOLAR,"13,794",592,647,,49.2,0.00,-8.34,-26.6,1.00
POWERMECH,"8,270","5,231","5,550",35.1,837,0.04,23.0,18.8,10.0
AARTIIND,"24,293",670,712,56.0,139,0.37,10.4,11.6,5.00
SUNFLAG,"3,779",210,249,27.1,262,0.00,11.9,8.80,10.0
RAMKY,"4,534",655,"1,009",14.0,163,0.00,26.5,26.6,10.0
HAL,"2,03,990","3,050","3,132",33.2,375,0.90,30.6,27.2,5.00
IIFL,"23,072",605,704,33.5,142,0.67,11.4,16.8,2.00
INDIACEM,"7,487",242,277,,176,0.00,-4.10,-6.53,10.0
KPRMILL,"26,438",773,928,55.5,92.5,0.54,24.4,21.1,1.00
RITES,"18,795",782,821,40.1,103,2.63,29.1,21.6,10.0
ANANTRAJ,"11,991",352,360,103,86.4,0.14,4.26,3.97,2.00
OIL,"62,576",577,630,8.75,339,3.44,21.8,21.1,10.0
SHARDACROP,"3,277",363,580,19.9,210,1.64,21.9,16.7,10.0
KFINTECH,"12,199",715,731,53.2,58.2,0.00,29.5,25.9,10.0
ARVINDFASN,"6,452",485,534,156,175,0.21,1.06,0.43,4.00
HINDCOPPER,"25,757",266,307,84.9,22.6,0.34,18.0,14.7,5.00
LUXIND,"3,582","1,191","1,721",32.5,500,0.42,13.2,10.6,2.00
TRIVENI,"7,541",344,417,17.9,123,0.93,17.8,22.5,1.00
FEDERALBNK,"36,494",150,167,9.79,102,0.67,5.79,14.9,2.00
SUNDRMFAST,"22,780","1,084","1,341",49.2,147,0.60,20.2,17.0,1.00
UNOMINDA,"37,420",653,727,72.0,61.2,0.23,15.8,14.9,2.00
NRBBEARING,"3,100",320,402,32.9,68.4,1.59,15.9,15.2,2.00
KIRLOSENG,"13,758",949,964,44.5,170,0.53,15.3,11.6,2.00
BBTC,"12,083","1,732","1,840",,22.0,0.07,3.76,93.7,2.00
PAISALO,"7,232",161,169,44.3,27.5,0.03,11.3,8.84,1.00
HGS,"4,222",908,"1,368",,665,1.64,3.17,6.81,10.0
FACT,"50,012",773,909,115,21.8,0.13,30.3,62.5,10.0
TECHNOE,"8,127",755,860,34.0,189,0.80,9.80,11.5,2.00
VEDL,"98,599",265,301,5.32,179,38.3,24.1,32.5,1.00
PIDILITIND,"1,37,876","2,711","2,805",79.4,147,0.40,24.5,18.7,1.00
MAZDOCK,"42,247","2,095","2,492",28.0,237,0.77,38.2,28.6,10.0
ZFCVINDIA,"27,156","14,323","17,700",67.1,"1,365",0.09,18.9,13.9,5.00
TATACHEM,"24,740",971,"1,141",30.8,672,1.80,7.89,6.28,10.0
TMB,"7,703",486,611,7.18,438,1.02,6.41,16.8,10.0
TATAPOWER,"1,21,615",381,413,79.7,44.0,0.53,14.6,22.1,1.00
BANDHANBNK,"32,492",202,272,10.9,122,0.73,6.67,11.9,10.0
DEVYANI,"19,294",160,228,128,9.73,0.00,15.5,24.1,1.00
TCS,"14,47,235","4,000","4,185",33.9,232,1.18,64.2,51.5,1.00
INFY,"6,86,935","1,655","1,733",27.8,174,2.04,43.8,34.0,5.00
TANLA,"13,309",990,"1,318",151,43.4,1.00,31.0,27.5,1.00
TIINDIA,"69,581","3,598","4,125",91.5,186,0.10,27.6,23.4,1.00
3MINDIA,"34,347","30,477","39,876",68.9,"1,852",0.33,25.3,18.8,10.0
LODHA,"1,07,953","1,119","1,228",70.3,133,0.09,8.03,-0.83,10.0
DEEPAKNTR,"31,377","2,300","2,521",75.0,203,0.33,24.4,18.9,2.00
WHIRLPOOL,"16,039","1,264","1,733",101,247,0.39,8.22,6.08,10.0
RAILTEL,"13,414",418,459,61.7,53.7,0.61,16.0,12.0,10.0
NESCO,"6,236",885,934,18.2,298,0.51,21.8,16.7,2.00
TATAMETALI,"3,507","1,111","1,131",30.8,510,0.45,7.91,5.18,10.0
BAJAJCON,"3,453",242,263,21.3,58.4,2.06,20.3,16.8,1.00
WELSPUNLIV,"15,695",162,172,31.7,37.2,0.06,5.99,4.13,1.00
MOIL,"5,668",279,370,20.1,116,1.31,14.7,11.0,10.0
J&KBANK,"15,582",142,152,9.69,96.4,0.35,4.92,13.3,1.00
AUROPHARMA,"60,393","1,031","1,177",30.7,319,0.43,8.34,6.97,1.00
TATAELXSI,"48,059","7,717","9,200",60.4,337,0.78,47.7,41.1,10.0
SAKSOFT,"2,905",274,402,88.6,18.0,0.25,21.0,17.1,1.00
DIXON,"41,566","6,948","7,038",201,211,0.04,24.2,20.4,2.00
GSPL,"20,941",371,407,16.8,173,1.35,13.8,10.7,10.0
HOMEFIRST,"8,227",930,"1,061",28.8,220,0.27,10.3,13.5,2.00
NATCOPHARM,"18,310","1,022","1,108",15.1,284,0.93,16.1,14.0,2.00
GMMPFAUDLR,"6,026","1,340","1,898",77.6,164,0.15,17.1,14.7,2.00
HARSHA,"3,887",427,494,30.8,130,0.24,17.7,15.1,10.0
RKFORGE,"13,871",767,815,45.4,85.4,0.27,17.8,19.4,2.00
HERITGFOOD,"3,017",325,343,34.7,81.2,0.73,11.4,8.95,5.00
CARYSIL,"2,688","1,002","1,151",91.7,87.1,0.20,12.8,12.0,2.00
MSUMI,"31,328",70.9,74.8,53.6,2.98,0.91,43.8,39.8,1.00
COSMOFIRST,"1,412",538,773,25.1,446,0.91,16.9,19.1,10.0
FINEORG,"13,233","4,316","5,165",33.0,550,0.21,62.1,47.6,5.00
DMART,"2,49,556","3,835","4,206",96.1,275,0.00,20.9,16.8,10.0
SHAREINDIA,"7,009","1,999","2,040",23.4,300,0.42,54.6,44.4,10.0
JKCEMENT,"33,789","4,373","4,565",45.4,625,0.34,13.9,12.8,10.0
GAIL,"1,18,746",181,188,16.4,92.6,3.00,10.2,9.53,10.0
CHENNPETRO,"14,071",945,"1,036",4.53,512,2.84,45.5,77.9,10.0
HAPPSTMNDS,"12,862",845,"1,023",53.1,90.4,0.62,27.4,28.9,2.00
BHEL,"79,391",228,243,,76.1,0.17,3.19,1.56,2.00
AAVAS,"11,609","1,467","1,913",24.4,444,0.00,9.51,14.1,10.0
ASTRAMICRO,"5,958",628,694,79.5,92.4,0.25,18.0,12.3,2.00
IFBIND,"5,657","1,396","1,425",119,170,0.00,6.73,2.66,10.0
VRLLOG,"5,229",598,799,40.8,104,0.84,17.9,39.7,10.0
GUJALKALI,"5,967",812,870,"6,704",847,2.92,13.1,9.43,10.0
TATACONSUM,"1,10,133","1,156","1,216",98.3,135,0.73,10.5,7.87,1.00
STARCEMENT,"8,662",214,220,40.1,38.4,0.00,18.1,11.9,1.00
VINATIORGA,"17,126","1,666","2,034",49.2,225,0.42,30.4,22.6,1.00
IKIO,"2,319",300,477,80.2,60.6,0.00,35.4,27.7,10.0
IRCTC,"78,752",984,"1,050",69.3,35.6,0.57,59.2,45.4,2.00
SYRMA,"9,488",534,705,210,81.4,0.29,8.58,5.50,10.0
GATEWAY,"5,394",108,122,20.8,36.3,1.85,12.8,14.0,10.0
ASTERDM,"23,028",461,487,106,65.0,0.00,6.55,6.50,10.0
ICICIGI,"81,301","1,650","1,667",44.3,238,0.92,21.2,17.6,10.0
360ONE,"27,052",754,755,47.3,68.8,2.25,17.0,20.8,1.00
CROMPTON,"18,599",290,328,42.3,45.4,1.03,17.4,17.8,2.00
SBCL,"3,172",551,750,42.4,50.5,0.22,37.7,33.0,2.00
AWL,"52,845",407,509,197,60.5,0.00,15.4,7.93,1.00
RATNAMANI,"20,954","2,990","3,939",32.9,417,0.40,27.2,20.8,2.00
LGBBROSLTD,"3,698","1,178","1,425",14.7,462,1.35,24.3,18.9,10.0
KKCL,"4,667",757,827,31.4,106,0.65,26.2,21.8,10.0
HGINFRA,"5,937",911,"1,019",13.2,299,0.14,31.9,26.8,10.0
UJJIVANSFB,"10,436",53.3,63.0,8.30,20.5,2.33,10.6,33.3,10.0
ISEC,"27,174",841,866,19.1,100,2.26,18.0,42.4,5.00
WIPRO,"2,75,722",528,546,30.8,102,0.19,19.5,15.7,2.00
BANKINDIA,"62,326",137,156,9.87,144,1.46,4.45,6.90,10.0
CANFINHOME,"10,749",807,910,15.2,298,0.44,8.36,18.5,2.00
JUBLINGREA,"7,393",464,525,43.5,140,1.05,15.5,12.3,1.00
AARTIPHARM,"4,619",510,595,26.0,169,0.38,15.6,12.6,5.00
EMIL,"7,714",200,245,43.0,33.3,0.00,12.0,13.8,10.0
ADANIGREEN,"3,09,465","1,954","1,992",,32.8,0.00,3.23,-6.59,10.0
PERSISTENT,"64,202","8,346","8,980",60.6,588,0.47,28.8,22.1,10.0
KAJARIACER,"20,019","1,257","1,524",52.3,155,0.72,20.5,15.6,1.00
UFLEX,"3,088",428,500,17.0,410,0.69,10.1,8.66,10.0
VOLTAS,"36,086","1,091","1,117",66.3,217,0.40,8.86,8.27,1.00
HSCL,"16,173",367,399,43.3,56.3,0.07,13.7,11.7,1.00
KRBL,"7,835",342,471,13.1,201,0.28,20.9,16.0,1.00
PGEL,"4,800","1,844","2,570",77.0,342,0.00,14.0,13.3,10.0
JUSTDIAL,"7,969",937,952,24.1,449,0.00,1.70,1.30,10.0
PRSMJOHNSN,"8,557",170,199,,27.7,0.00,3.65,-4.07,10.0
SOUTHBANK,"7,676",36.7,40.2,6.89,31.9,0.81,5.23,12.4,1.00
ZYDUSLIFE,"94,712",936,945,35.3,144,0.64,14.2,12.1,1.00
GRAPHITE,"11,803",604,626,98.1,269,1.41,9.90,7.68,2.00
GABRIEL,"5,162",359,444,31.0,65.1,0.71,22.0,16.2,1.00
INDIAGLYCO,"2,700",872,979,17.5,530,0.85,9.03,7.20,10.0
UNIPARTS,"2,491",552,723,15.7,119,2.60,37.3,33.3,10.0
SOBHA,"14,022","1,478","1,578",166,246,0.21,8.28,4.12,10.0
COFORGE,"40,440","6,545","6,847",40.9,452,0.98,33.6,32.4,10.0
CHOLAFIN,"93,559","1,114","1,310",29.1,188,0.18,9.71,20.5,2.00
CHAMBLFERT,"14,952",359,403,11.2,183,2.07,16.8,15.9,10.0
BIOCON,"32,590",271,307,675,90.4,0.54,1.51,-0.14,5.00
LICHSGFIN,"35,760",650,670,7.36,530,1.30,7.59,11.2,2.00
OPTIEMUS,"2,558",298,381,87.5,47.2,0.50,10.8,8.87,10.0
JYOTHYLAB,"17,316",472,554,49.4,26.5,0.64,31.3,27.2,1.00
CAMS,"15,383","3,130","3,180",49.4,163,1.19,48.5,39.7,10.0
UNIONBANK,"1,08,963",147,155,8.26,115,2.05,5.02,11.3,10.0
HAVELLS,"89,208","1,424","1,472",75.2,110,0.52,22.4,17.1,1.00
WSTCSTPAPR,"4,272",647,815,7.62,349,1.56,40.1,33.1,2.00
SPARC,"11,488",354,424,,10.2,0.00,-106,-144,1.00
MRPL,"42,238",241,289,9.64,67.9,0.42,20.1,31.1,10.0
INDIGOPNTS,"6,782","1,424","1,700",47.2,172,0.24,21.6,18.4,10.0
ITDCEM,"6,121",356,375,27.5,77.2,0.21,18.2,10.4,1.00
CYIENT,"22,977","2,073","2,459",46.5,253,1.28,17.2,13.4,5.00
KANSAINER,"24,179",299,357,36.3,66.7,0.60,14.5,11.0,1.00
TIDEWATER,"2,938","1,686","1,835",30.5,405,2.49,15.8,12.6,2.00
CGPOWER,"64,880",425,503,73.3,19.5,0.35,41.1,34.8,2.00
MAHLOG,"2,925",406,460,38.8,90.6,0.62,11.3,10.4,10.0
PGHL,"8,466","5,100","5,643",37.4,485,1.84,45.5,33.5,10.0
HINDUNILVR,"5,60,847","2,387","2,770",54.6,214,1.64,26.2,20.2,1.00
ROUTE,"10,010","1,598","1,760",83.8,186,0.69,9.84,7.98,10.0
STARHEALTH,"33,641",575,675,41.8,115,0.00,14.7,12.3,10.0
GREENLAM,"6,947",545,626,45.6,77.5,0.28,14.5,15.2,1.00
PNBHOUSING,"18,849",726,914,13.8,545,0.00,8.27,10.2,10.0
IRFC,"2,00,928",154,193,33.3,36.9,0.96,5.32,14.7,10.0
VESUVIUS,"6,905","3,402","3,971",32.4,588,0.24,25.9,19.4,10.0
BALMLAWRIE,"4,390",257,291,20.8,77.7,2.90,16.1,11.4,10.0
SHOPERSTOP,"8,173",743,890,112,23.9,0.00,16.4,70.5,5.00
MASTEK,"9,066","2,955","3,147",81.0,250,0.65,15.3,12.4,5.00
POWERGRID,"2,68,555",289,290,17.4,93.2,3.83,13.5,20.6,10.0
AIAENG,"35,106","3,722","4,630",36.1,618,0.43,24.1,19.1,2.00
ABCAPITAL,"50,218",193,199,259,51.0,0.00,1.84,1.41,10.0
LINDEINDIA,"47,392","5,557","6,886",113,377,0.08,20.8,18.2,10.0
CANBK,"1,04,213",574,599,7.48,406,2.10,5.33,14.7,10.0
IBREALEST,"6,771",125,128,906,126,0.00,0.18,-0.24,2.00
JMFINANCIL,"9,880",103,115,33.6,41.8,1.72,8.32,7.23,1.00
CONFIPET,"3,221",111,120,30.4,26.3,0.09,13.5,12.7,1.00
DWARKESH,"1,512",80.3,110,14.1,42.0,2.46,15.5,14.9,1.00
EVEREADY,"2,511",346,442,68.2,50.3,0.00,11.8,6.40,5.00
AETHER,"11,505",868,"1,211",88.9,154,0.00,18.4,15.9,10.0
SAREGAMA,"7,922",410,466,43.9,73.9,0.97,17.3,12.6,1.00
SONACOMS,"38,409",655,670,75.8,40.8,0.42,21.8,18.2,10.0
BAJAJHLDNG,"98,324","8,835","8,991",56.6,"1,508",1.39,11.4,11.0,10.0
ATGL,"1,17,658","1,070","1,260",199,29.3,0.02,20.3,19.7,1.00
TORNTPOWER,"53,538","1,114","1,237",30.0,245,1.14,18.8,19.4,10.0
SUPRIYA,"2,837",353,394,23.6,93.6,0.17,18.6,13.7,2.00
AGI,"5,142",795,"1,089",18.2,262,0.61,14.8,17.4,2.00
RAYMOND,"12,246","1,840","2,240",20.8,367,0.16,19.2,23.6,10.0
SAIL,"52,107",126,150,17.1,129,1.18,5.74,3.23,10.0
BEML,"12,804","3,075","4,144",69.5,563,0.33,10.9,6.44,10.0
HINDWAREAP,"3,018",417,664,,17.3,0.12,12.0,8.73,2.00
ELGIEQUIP,"19,880",627,704,64.1,41.3,0.32,30.4,24.0,1.00
BANKBARODA,"1,40,506",272,281,7.97,190,2.04,5.15,15.3,2.00
NHPC,"92,645",92.2,116,25.6,37.3,2.01,8.07,11.1,10.0
METROPOLIS,"8,786","1,715","1,831",70.9,194,0.46,17.4,15.6,2.00
IDBI,"98,083",91.2,98.7,19.1,42.2,1.10,4.77,8.38,10.0
ERIS,"11,992",882,972,34.5,180,0.82,20.3,19.0,1.00
CDSL,"19,816","1,896","2,067",62.4,93.5,0.83,37.9,30.0,10.0
KIRIINDUS,"2,188",422,454,,88.0,0.00,-20.6,-24.0,10.0
LXCHEM,"7,372",268,321,58.3,53.6,0.19,12.9,9.93,2.00
RENUKA,"10,204",47.9,57.2,,0.65,0.00,8.91,-27.9,1.00
GRASIM,"1,45,885","2,184","2,245",98.6,732,0.45,5.58,4.32,2.00
MRF,"62,810","1,48,137","1,51,445",31.2,"36,754",0.12,7.49,4.86,10.0
CERA,"9,866","7,586","9,782",42.5,935,0.67,25.8,19.6,5.00
IOLCP,"2,422",413,536,14.0,271,1.20,13.7,9.68,10.0
EDELWEISS,"7,317",77.5,87.8,3.25,52.1,1.93,30.3,39.0,1.00
INDUSINDBK,"1,14,672","1,474","1,694",13.2,704,0.95,6.91,14.4,10.0
JSWSTEEL,"1,98,106",810,896,20.3,292,0.41,10.2,7.83,1.00
KOTAKBANK,"3,39,839","1,710","2,064",25.8,418,0.09,6.15,14.1,5.00
SIYSIL,"2,404",513,635,11.8,255,2.14,27.9,23.7,2.00
FDC,"7,775",478,487,26.2,121,0.00,13.2,10.0,1.00
DALMIASUG,"3,238",400,490,10.6,363,1.00,12.2,9.73,2.00
MCDOWELL-N,"83,904","1,154","1,180",74.2,89.6,0.34,20.4,16.4,2.00
SBIN,"6,75,593",757,778,10.9,367,1.51,5.09,16.5,1.00
PFIZER,"20,266","4,430","4,840",39.9,715,0.79,26.2,19.8,10.0
RELAXO,"20,814",836,974,103,76.2,0.30,11.8,8.65,1.00
ANGELONE,"25,237","3,006","3,900",24.0,306,1.28,44.2,47.8,10.0
PPLPHARMA,"17,959",136,149,112,48.0,0.00,3.71,1.40,10.0
BAJAJHIND,"4,703",36.8,40.5,,33.8,0.00,0.71,-4.01,1.00
DRREDDY,"1,07,213","6,427","6,495",26.9,"1,362",0.61,19.0,13.6,5.00
CRISIL,"35,847","4,903","5,250",53.6,204,1.10,57.6,52.2,1.00
APTUS,"17,031",341,392,36.4,65.3,1.15,13.5,14.4,2.00
JAMNAAUTO,"4,603",115,135,19.5,21.5,1.64,26.1,21.7,1.00
UNICHEMLAB,"3,824",543,580,,332,0.00,-5.98,-7.77,2.00
IOC,"2,45,003",174,197,5.45,115,2.86,6.32,6.20,10.0
TITAN,"3,24,117","3,651","3,887",92.8,142,0.27,26.3,31.2,1.00
GPPL,"10,031",208,218,27.0,43.2,2.92,20.6,15.5,10.0
SUNTV,"25,119",637,735,13.6,252,2.37,25.4,19.1,5.00
SPANDANA,"6,976",980,"1,243",15.1,462,0.00,5.97,0.41,10.0
YESBANK,"72,512",25.2,32.8,72.4,13.8,0.00,4.93,1.94,2.00
MANYAVAR,"23,929",985,"1,488",58.9,54.5,0.91,38.8,33.6,1.00
PNB,"1,38,794",126,133,21.7,90.7,0.52,4.04,2.56,2.00
FINPIPE,"13,371",216,260,29.6,89.0,0.71,6.13,4.88,2.00
ADANIPOWER,"2,16,181",560,589,9.94,99.3,0.00,17.9,44.1,10.0
TATAINVEST,"35,567","7,030","7,250",127,"4,648",0.69,1.33,1.24,10.0
SCHNEIDER,"13,868",580,643,63.7,9.23,0.00,27.6,"1,195",2.00
ASTRAZEN,"13,669","5,468","7,221",85.7,262,0.30,30.9,23.0,2.00
SYMPHONY,"6,328",918,"1,219",42.2,103,0.54,24.0,18.9,2.00
MARKSANS,"7,307",161,179,61.6,25.7,0.32,14.9,11.4,1.00
USHAMART,"9,677",318,380,30.8,38.4,0.77,25.7,21.3,1.00
UCOBANK,"69,225",57.9,70.7,40.6,21.6,0.00,4.75,7.55,10.0
VENKEYS,"2,565","1,821","2,315",36.2,954,0.33,7.76,5.54,10.0
SHREECEM,"94,374","26,156","30,738",40.1,"5,313",0.38,8.99,7.45,10.0
NAZARA,"5,159",780,990,,139,0.00,-2.65,-2.98,4.00
BAJFINANCE,"4,10,985","6,650","8,192",34.0,907,0.45,12.3,22.0,2.00
RELIANCE,"20,09,848","2,971","3,005",45.1,729,0.30,9.78,9.32,10.0
BECTORFOOD,"6,715","1,142","1,374",57.4,95.6,0.26,18.8,15.9,10.0
KNRCON,"7,527",268,306,17.8,104,0.09,24.2,15.8,2.00
ITC,"5,11,207",410,500,25.0,53.9,3.08,38.2,29.0,1.00
NOCIL,"4,570",274,298,38.5,98.3,1.09,13.4,9.95,10.0
AXISBANK,"3,34,765","1,085","1,152",14.9,408,0.09,4.97,7.97,2.00
ICICIPRULI,"75,630",525,616,82.8,76.9,0.11,9.99,8.42,10.0
SIS,"6,384",438,565,33.1,70.6,0.00,12.3,21.3,5.00
ALKEM,"63,868","5,342","5,560",37.1,848,0.66,13.2,12.6,2.00
THERMAX,"45,243","3,797","3,889",111,269,0.27,13.5,10.5,2.00
ENGINERSIN,"12,194",217,274,28.7,40.1,1.38,21.7,16.8,5.00
HNDFDS,"5,863",520,669,74.9,36.5,0.00,19.0,19.0,2.00
GRSE,"9,354",817,975,31.1,136,0.95,20.3,16.4,10.0
MAHABANK,"43,048",60.8,70.0,11.8,23.2,2.12,4.79,17.6,10.0
SBFC,"9,630",89.9,97.8,46.6,24.3,0.00,9.91,9.98,10.0
KSCL,"3,675",657,765,13.3,296,0.76,16.4,15.8,2.00
SUMICHEM,"19,017",381,467,57.1,50.6,0.31,30.2,23.4,10.0
PGHH,"53,649","16,527","19,250",71.0,324,0.64,101,80.6,10.0
CHOLAHLDNG,"19,864","1,058","1,296",327,66.6,0.05,6.29,4.78,1.00
ULTRACEMCO,"2,86,648","9,929","10,526",45.8,"1,892",0.38,13.0,9.58,10.0
EICHERMOT,"1,07,900","3,941","4,202",30.7,502,0.94,29.5,22.2,1.00
SANOFI,"20,622","8,954","9,380",35.0,441,2.17,71.1,51.5,10.0
HINDALCO,"1,13,732",506,621,36.7,269,0.57,8.48,5.88,1.00
PAYTM,"27,181",428,998,,196,0.00,-13.5,-13.9,1.00
ADVENZYMES,"4,523",404,425,36.9,49.7,0.99,14.9,11.2,2.00
SFL,"11,413","1,050","1,370",61.6,245,0.00,18.8,13.9,5.00
PRIVISCL,"4,797","1,228","1,366",92.9,218,0.00,5.60,2.80,10.0
ROSSARI,"4,173",755,904,43.2,164,0.07,11.7,8.64,2.00
PEL,"20,523",914,"1,140",18.0,967,3.37,9.54,10.1,2.00
APCOTEXIND,"2,447",472,589,39.6,95.6,1.15,28.0,24.7,2.00
OFSS,"67,407","7,778","8,198",32.2,573,2.89,39.4,30.0,5.00
ICICIBANK,"7,42,493","1,058","1,070",19.0,287,0.75,6.29,17.2,2.00
MAITHANALL,"3,233","1,111","1,336",10.4,975,0.53,23.1,17.4,10.0
M&MFIN,"36,110",292,347,19.8,137,2.08,8.96,12.4,2.00
ASHOKLEY,"50,854",173,192,20.8,29.9,1.53,20.2,16.5,1.00
SJVN,"48,297",123,170,54.5,36.4,1.43,11.3,10.3,10.0
GRAVITA,"6,852",993,"1,167",37.3,52.2,0.43,26.9,39.4,2.00
TEAMLEASE,"5,110","3,047","3,600",49.7,424,0.00,12.6,12.8,10.0
ZENTEC,"6,844",814,913,60.4,45.9,0.02,17.3,12.0,1.00
THYROCARE,"3,357",634,695,54.3,89.2,2.83,15.3,10.6,10.0
CASTROLIND,"19,743",200,214,22.9,21.4,3.77,57.5,43.1,5.00
DATAMATICS,"3,555",602,792,34.9,134,0.62,17.9,13.8,5.00
TIMETECHNO,"4,916",217,234,33.7,73.4,0.58,8.75,6.98,1.00
RTNPOWER,"5,537",10.3,12.3,31.3,10.5,0.00,9.25,6.11,10.0
HINDZINC,"1,31,788",312,344,15.8,32.4,24.2,50.4,44.5,2.00
IOB,"1,25,285",66.3,83.8,50.2,13.4,0.00,4.53,8.69,10.0
TIIL,"4,673","2,035","2,750",26.6,553,0.00,16.6,16.1,10.0
CAMLINFINE,"2,086",125,186,"4,345",46.1,0.00,11.0,7.73,1.00
MTARTECH,"6,075","1,975","2,920",74.1,215,0.00,22.2,17.9,10.0
AMIORG,"4,127","1,119","1,389",62.8,170,0.27,20.9,15.2,10.0
GICRE,"71,580",408,468,11.2,254,1.76,20.6,16.8,5.00
NSLNISP,"18,193",62.1,73.7,,,0.00,0.00,0.00,10.0
CUB,"10,006",135,168,10.2,101,0.75,6.01,13.4,1.00
VARROC,"7,836",513,632,28.3,35.5,0.00,4.58,-5.96,1.00
MGL,"14,907","1,509","1,559",11.5,474,1.70,26.8,20.4,10.0
KPIL,"16,050",988,"1,043",31.6,336,0.69,14.0,9.73,2.00
BOMDYEING,"3,683",178,195,,-64.7,0.00,1.04,,2.00
NUVOCO,"12,129",340,399,25.6,253,0.00,1.75,3.62,10.0
VMART,"3,886","1,965","2,461",,386,0.00,5.17,-1.18,10.0
BARBEQUE,"2,367",606,792,,110,0.00,6.91,0.86,5.00
HLEGLAS,"3,443",504,699,68.8,50.2,0.22,17.9,17.8,2.00
HBLPOWER,"14,057",507,612,60.8,38.2,0.09,13.3,10.3,1.00
ONGC,"3,39,856",270,281,8.91,223,4.10,23.6,18.4,5.00
DALBHARAT,"39,352","2,098","2,431",207,426,0.43,2.61,2.45,2.00
TARSONS,"2,558",481,646,46.3,111,0.00,19.0,15.2,2.00
UPL,"36,615",488,760,35.4,99.8,2.03,20.0,12.6,2.00
SHILPAMED,"3,826",441,455,597,246,0.00,-0.93,3.49,1.00
GESHIP,"13,806",967,"1,044",6.26,653,2.97,24.0,29.6,10.0
KARURVYSYA,"14,395",179,205,9.70,107,1.10,5.61,13.7,2.00
ACE,"13,763","1,156","1,211",48.9,86.9,0.09,26.8,19.3,2.00
MAHSEAMLES,"12,863",960,"1,099",12.1,381,0.52,20.7,18.3,5.00
CMSINFO,"6,243",398,421,19.5,103,1.19,28.2,20.2,10.0
HIL,"2,141","2,839","3,284",24.5,"1,576",1.56,14.6,12.2,10.0
RATEGAIN,"9,717",825,922,401,56.9,0.00,1.39,0.77,1.00
DELTACORP,"4,029",150,260,19.5,85.3,0.83,13.2,10.5,1.00
ATUL,"18,522","6,276","7,590",46.5,"1,635",0.40,16.8,12.8,10.0
SBICARD,"69,735",733,933,29.8,116,0.34,13.0,25.7,10.0
SHANTIGEAR,"3,957",516,645,52.0,42.6,0.96,32.1,23.8,1.00
STLTECH,"5,735",144,179,155,47.6,0.69,15.1,18.0,2.00
PRINCEPIPE,"6,436",582,776,30.9,131,0.00,12.3,9.17,10.0
FORTIS,"32,403",429,470,423,119,0.23,1.69,0.61,10.0
CARTRADE,"3,249",694,900,75.4,433,0.00,2.38,1.66,10.0
TTML,"17,397",89.0,109,,-97.9,0.00,39.8,,10.0
DELHIVERY,"33,860",460,488,,130,0.00,-8.23,-10.4,1.00
GREENPANEL,"4,747",387,450,27.9,104,0.39,26.7,22.7,1.00
ORIENTELEC,"4,443",208,279,61.4,28.8,0.71,19.2,13.5,1.00
ALKYLAMINE,"11,103","2,172","2,798",69.8,234,0.46,27.9,21.5,2.00
TEJASNET,"12,550",735,940,,180,0.00,1.63,0.38,10.0
TCIEXP,"4,567","1,191","1,701",33.0,172,0.67,32.6,24.6,2.00
ABFRL,"21,451",226,266,,38.7,0.00,7.71,3.24,10.0
KEC,"17,179",668,748,205,153,0.44,13.2,5.75,2.00
MEDPLUS,"8,287",693,978,"1,543",96.1,0.00,1.17,0.48,2.00
PARAS,"2,909",746,848,88.8,110,0.00,13.2,9.10,10.0
GOCOLORS,"6,118","1,133","1,405",72.4,105,0.00,17.7,16.8,10.0
LALPATHLAB,"20,197","2,419","2,767",55.1,217,0.75,22.1,18.4,10.0
SKFINDIA,"22,328","4,516","5,535",44.7,483,0.88,34.5,24.8,10.0
HDFCBANK,"10,83,160","1,426","1,758",16.8,502,1.34,6.12,17.0,1.00
JINDALPOLY,"2,527",577,749,7.57,"1,294",0.74,16.2,19.0,10.0
GODREJAGRO,"9,920",516,582,28.3,110,1.84,12.7,12.1,10.0
PRAJIND,"9,421",513,650,33.4,60.6,0.89,30.4,23.6,2.00
LTFOODS,"6,303",182,235,34.7,46.4,0.54,15.9,12.3,1.00
BLUEDART,"14,709","6,198","7,650",52.0,545,0.48,36.6,31.9,10.0
VGUARD,"13,459",310,335,67.9,37.9,0.42,14.5,12.0,1.00
ASIANPAINT,"2,75,064","2,868","3,568",51.5,170,0.89,36.5,28.3,1.00
TVSSCS,"8,322",189,258,119,56.6,0.00,3.21,-3.04,1.00
AFFLE,"15,803","1,127","1,337",218,67.5,0.00,10.3,7.63,2.00
NIACL,"44,842",272,325,48.2,160,0.70,4.94,4.19,5.00
HCG,"5,266",378,401,127,84.6,0.00,7.03,3.84,10.0
RHIM,"11,874",575,830,63.1,198,0.42,14.6,16.0,1.00
KIRLPNU,"4,575",706,760,43.4,126,0.76,19.5,14.6,2.00
REDINGTON,"16,581",212,220,15.9,42.3,3.37,37.0,37.9,2.00
JINDWORLD,"7,502",374,427,104,33.4,0.05,16.3,19.3,1.00
INDIANB,"70,204",521,574,9.68,385,1.64,4.55,11.5,10.0
CAMPUS,"7,650",251,418,96.0,19.4,0.00,23.0,23.8,5.00
FCL,"4,822",435,459,52.0,28.1,0.27,27.3,21.2,2.00
TVSMOTOR,"1,00,674","2,119","2,186",50.2,148,0.24,26.6,26.2,1.00
APLLTD,"20,610","1,048","1,094",34.6,228,0.75,7.10,7.14,2.00
GUFICBIO,"3,179",317,365,37.8,39.0,0.03,22.6,25.8,1.00
IDFC,"19,088",119,137,10.6,59.7,0.00,21.7,21.5,10.0
CENTRALBK,"56,261",64.8,76.9,24.3,33.5,0.00,4.26,5.59,10.0
SWANENERGY,"19,358",734,764,"4,566",48.5,0.01,1.44,0.22,1.00
VIPIND,"7,927",558,723,"1,015",46.1,0.80,24.7,26.5,2.00
HDFCLIFE,"1,24,308",578,711,82.0,65.8,0.34,9.54,9.55,10.0
DBCORP,"5,325",299,374,15.5,113,2.00,11.7,8.81,10.0
GREAVESCOT,"3,757",162,176,21.9,51.0,0.56,15.4,11.1,2.00
NESTLEIND,"2,48,323","2,576","2,771",82.7,32.1,0.65,135,108,1.00
GLOBUSSPR,"2,300",798,"1,328",17.3,321,0.75,18.5,14.7,10.0
DATAPATTNS,"13,940","2,490","2,490",84.0,215,0.19,19.6,14.2,2.00
WESTLIFE,"12,247",785,"1,025",206,31.5,0.43,-0.12,-0.15,2.00
TIMKEN,"20,841","2,771","3,576",58.7,294,0.05,28.0,21.1,10.0
SAFARI,"9,410","1,978","2,315",62.5,105,0.09,37.0,33.0,2.00
BAJAJFINSV,"2,57,999","1,617","1,742",220,40.6,0.05,20.3,15.2,1.00
SUBEXLTD,"2,131",37.8,45.8,,6.94,0.00,-16.5,-15.1,5.00
TCI,"6,391",823,"1,080",19.9,220,0.91,23.2,21.2,2.00
DREAMFOLKS,"2,582",494,847,33.6,37.4,0.10,76.9,60.2,2.00
ASTEC,"1,749",892,"1,542",,201,0.17,7.82,6.36,10.0
TCNSBRANDS,"2,403",380,542,,72.0,0.00,1.72,-3.17,2.00
SPLPETRO,"14,259",758,765,38.0,98.9,1.20,37.4,28.1,2.00
DABUR,"94,600",534,597,63.9,37.5,0.96,28.3,22.8,1.00
RAMCOCEM,"20,674",875,"1,058",48.6,294,0.22,6.55,5.14,1.00
POLYMED,"15,179","1,582","1,729",63.6,138,0.19,18.9,15.1,5.00
CIGNITITEC,"2,987","1,094","1,204",26.0,175,0.26,30.2,24.8,10.0
AVANTIFEED,"6,969",512,599,23.3,134,1.19,16.7,12.6,1.00
NETWORK18,"12,275",117,136,,8.15,0.00,-1.51,-19.4,5.00
SUDARSCHEM,"4,120",595,611,53.8,156,0.00,4.80,3.83,2.00
AMBUJACEM,"1,21,839",614,614,51.5,122,0.41,14.2,11.7,2.00
KRSNAA,"2,164",670,789,41.6,236,0.38,11.9,8.87,5.00
ORIENTCEM,"4,875",238,294,28.0,80.3,0.64,12.0,7.85,1.00
MPHASIS,"49,844","2,639","2,838",32.7,260,1.86,38.5,29.7,10.0
DEN,"2,758",57.8,69.4,9.63,74.0,0.00,3.03,6.40,10.0
BIKAJI,"13,220",528,606,68.9,42.0,0.14,17.7,14.4,1.00
L&TFH,"43,046",173,179,31.8,53.7,1.17,2.30,1.85,10.0
IMFA,"3,475",644,688,9.27,377,1.52,18.0,13.1,10.0
SHRIRAMFIN,"93,550","2,490","2,533",14.3,"1,226",1.41,12.1,17.3,10.0
EMAMILTD,"20,457",464,589,31.2,53.3,1.74,26.1,26.0,1.00
DCMSHRIRAM,"15,299",981,"1,175",30.5,403,1.42,19.5,15.9,2.00
NEWGEN,"11,561",825,901,54.4,69.1,0.29,24.0,20.0,10.0
BATAINDIA,"18,354","1,428","1,771",63.3,109,0.94,19.6,19.8,5.00
ESABINDIA,"7,857","5,105","6,586",48.9,202,1.52,70.7,53.2,10.0
CRAFTSMAN,"9,202","4,355","5,514",39.6,694,0.25,20.8,18.9,5.00
MIDHANI,"8,199",438,548,73.8,70.4,0.76,14.6,12.6,10.0
MUTHOOTFIN,"52,748","1,314","1,537",13.5,579,1.68,12.1,17.6,10.0
PVRINOX,"13,801","1,406","1,880",,760,0.00,3.28,-7.66,10.0
MEDANTA,"39,096","1,456","1,514",112,99.4,0.00,15.9,12.5,2.00
ARE&M,"14,461",847,922,17.7,331,0.70,20.2,14.8,1.00
LAXMIMACH,"15,725","14,720","15,501",40.2,"2,340",0.68,20.9,15.1,10.0
MAHLIFE,"9,567",617,640,,102,0.36,1.70,1.42,10.0
BRITANNIA,"1,18,140","4,905","5,386",55.9,102,1.47,53.1,70.5,1.00
MASFIN,"5,427",331,388,23.0,99.4,0.38,11.5,14.1,10.0
GLAXO,"36,834","2,174","2,650",58.0,91.4,1.48,36.0,26.5,10.0
MANAPPURAM,"15,507",183,193,10.0,114,1.61,11.6,15.0,2.00
IONEXCHANG,"7,342",501,688,36.1,68.4,0.25,28.7,21.7,1.00
WABAG,"4,864",782,789,15.6,203,0.00,22.5,-60.3,2.00
SAPPHIRE,"9,644","1,514","1,568",51.8,211,0.00,9.20,19.6,10.0
NEULANDLAB,"8,939","6,968","7,412",28.2,879,0.13,20.9,18.0,10.0
MMTC,"12,150",81.0,102,"1,081",8.59,0.00,-1.27,-18.6,1.00
ESCORTS,"31,699","2,869","3,440",31.7,786,0.24,11.1,8.32,10.0
RBLBANK,"16,289",270,301,15.0,226,0.56,5.46,6.74,10.0
NAVNETEDUL,"3,506",155,176,16.8,65.5,1.68,22.6,18.8,2.00
GODREJCP,"1,27,160","1,243","1,314",69.9,100,0.41,21.4,17.4,1.00
IDFCFIRSTB,"59,266",83.8,101,19.5,38.9,0.00,6.56,10.4,10.0
HIKAL,"3,470",281,329,48.4,92.9,0.42,8.43,7.08,2.00
RAIN,"6,413",191,220,121,27.4,0.52,6.84,5.81,2.00
NLCINDIA,"33,501",242,294,13.6,114,1.46,20.0,14.8,10.0
EMUDHRA,"4,971",600,607,403,41.0,0.21,11.7,8.87,5.00
INDUSTOWER,"66,524",247,252,11.9,88.0,0.00,11.3,9.71,10.0
HEG,"6,506","1,686","2,011",22.8,"1,055",2.54,13.5,11.6,10.0
ASAHIINDIA,"13,003",535,651,39.5,93.4,0.37,20.6,18.4,1.00
CLEAN,"15,457","1,455","1,622",60.9,103,0.34,45.4,34.0,1.00
PTCIL,"11,709","8,625","9,540",470,263,0.00,11.1,9.42,10.0
AJANTPHARM,"26,651","2,117","2,355",35.0,267,1.72,21.3,17.0,2.00
RELINFRA,"9,204",232,252,,190,0.00,0.74,-8.12,10.0
IFCI,"11,651",46.8,71.8,,2.18,0.00,6.42,-53.7,10.0
STYRENIX,"2,664","1,514","1,650",16.0,433,6.85,30.0,22.9,10.0
RBA,"5,453",110,138,,37.7,0.00,0.66,-3.72,10.0
SUPREMEIND,"51,766","4,075","4,888",51.1,318,0.64,27.7,21.1,2.00
WELENT,"4,430",320,383,13.5,165,0.31,12.0,10.6,10.0
ENDURANCE,"25,825","1,836","2,319",50.6,249,0.39,17.1,12.7,10.0
RELIGARE,"7,532",228,281,,65.4,0.00,0.08,-0.48,10.0
HFCL,"15,802",111,117,64.5,24.0,0.18,12.8,8.90,1.00
TRITURBINE,"14,160",445,498,75.4,22.7,0.28,25.0,18.4,1.00
BALAMINES,"7,197","2,221","2,736",49.1,443,0.45,23.8,17.6,2.00
SANSERA,"5,439","1,015","1,090",30.7,236,0.24,14.7,13.5,2.00
RECLTD,"1,21,997",463,524,9.35,246,2.69,9.11,20.4,10.0
ACI,"9,794",794,809,24.5,127,0.31,45.6,44.9,2.00
ZYDUSWELL,"10,125","1,591","1,721",184,631,0.31,1.19,1.65,10.0
INDOCO,"3,435",373,417,31.1,116,0.59,17.3,14.7,2.00
GAEL,"9,433",411,421,29.1,112,0.17,17.9,14.5,1.00
POLYPLEX,"2,749",876,"1,644",,222,2.63,41.8,41.3,10.0
DEEPAKFERT,"6,474",513,715,23.3,239,1.97,13.3,10.2,10.0
RPOWER,"9,699",25.4,33.2,,23.8,0.00,-1.32,-4.30,10.0
JWL,"15,735",382,434,58.4,25.6,0.13,24.4,16.8,10.0
SUNDARMFIN,"46,550","4,190","4,246",36.8,740,0.64,8.49,14.8,10.0
ZENSARTECH,"12,086",534,644,23.4,111,0.93,17.1,13.5,2.00
NAVA,"7,394",510,535,33.8,245,1.14,10.8,8.97,2.00
JUBLFOOD,"32,078",486,587,119,34.0,0.24,17.5,18.9,2.00
RALLIS,"4,790",246,274,48.3,93.9,0.00,7.77,5.37,1.00
KSB,"13,845","3,977","4,216",67.2,329,0.37,23.8,17.3,10.0
GOKEX,"5,167",852,"1,023",33.4,162,0.12,22.0,20.1,5.00
DCBBANK,"4,122",132,163,7.89,147,0.94,6.71,10.8,10.0
ACC,"50,515","2,690","2,760",30.4,784,0.35,9.29,6.50,10.0
RESPONIND,"7,926",297,365,312,26.1,0.03,4.79,1.64,1.00
SARDAEN,"7,492",213,265,14.6,93.7,0.36,28.4,22.2,1.00
PDSL,"6,976",529,666,89.8,15.4,0.96,42.6,41.3,2.00
GMRINFRA,"53,599",88.8,94.4,,39.4,0.00,0.03,-0.69,1.00
HINDOILEXP,"2,605",197,258,15.2,74.8,0.00,17.4,19.1,10.0
COLPAL,"68,827","2,531","2,622",54.0,64.8,1.54,79.1,61.2,1.00
COROMANDEL,"31,697","1,077","1,288",17.9,305,1.12,38.8,28.6,1.00
VAIBHAVGBL,"7,481",452,543,97.9,36.4,1.31,15.3,16.7,2.00
MCX,"18,850","3,696","3,990","8,727",297,0.52,10.9,8.24,10.0
APARINDS,"25,313","6,302","6,542",30.9,571,0.65,53.1,33.1,10.0
TV18BRDCST,"11,212",65.4,68.8,365,18.0,0.00,2.41,1.88,2.00
INDIAMART,"16,305","2,663","3,336",47.9,257,0.37,17.5,13.9,10.0
UBL,"44,816","1,695","1,914",132,152,0.44,11.4,8.26,1.00
FLUOROCHEM,"40,313","3,670","3,920",58.5,526,0.11,30.3,27.8,1.00
DHANI,"2,491",41.3,49.1,209,95.8,0.00,1.73,0.43,2.00
TATVA,"2,940","1,257","1,938",72.0,306,0.16,8.06,9.01,10.0
JKLAKSHMI,"11,059",940,"1,000",29.2,241,0.40,15.9,12.4,5.00
METROBRAND,"30,886","1,136","1,441",81.7,62.0,0.35,25.3,26.6,5.00
KEI,"28,783","3,190","3,420",52.3,317,0.09,25.8,20.2,2.00
HATHWAY,"4,204",23.8,28.0,55.3,25.9,0.00,1.93,1.40,2.00
CSBBANK,"6,253",360,422,10.9,185,0.00,6.45,18.7,10.0
NAVINFLUOR,"15,520","3,130","4,950",65.4,447,0.22,20.3,15.2,2.00
AUBANK,"39,270",587,813,24.7,165,0.17,7.39,15.4,10.0
PAGEIND,"39,929","35,810","43,599",74.0,"1,372",0.69,53.8,46.4,10.0
PFC,"1,34,331",407,478,9.80,226,2.63,9.08,18.2,10.0
JPPOWER,"13,090",19.1,24.0,26.8,16.1,0.00,5.02,0.55,10.0
ANURAS,"10,353",944,"1,250",73.8,221,0.27,10.6,8.25,10.0
IBULHSGFIN,"12,565",203,220,13.5,227,0.60,9.17,5.17,2.00
SRF,"71,031","2,396","2,637",46.8,333,0.30,24.6,23.9,10.0
INOXWIND,"20,202",620,645,,67.5,0.00,-2.92,-17.2,10.0
ELECTCAST,"10,409",175,204,16.8,75.3,0.51,10.6,8.28,1.00
RTNINDIA,"11,444",82.8,94.8,23.8,6.03,0.00,-0.38,-4.29,2.00
WELCORP,"14,737",563,625,27.7,128,0.87,16.0,13.8,5.00
GILLETTE,"21,128","6,483","7,336",54.0,316,1.31,52.0,38.5,10.0
GODREJIND,"27,407",814,912,,50.0,0.00,8.41,13.0,1.00
CGCL,"20,923","1,014","1,049",110,167,0.03,8.23,5.49,2.00
GARFIBRES,"7,190","3,528","3,847",38.9,552,0.10,19.4,15.6,10.0
DISHTV,"4,244",23.0,26.0,30.9,-6.45,0.00,,,1.00
IDEA,"83,924",17.2,18.4,,-18.6,0.00,-3.73,,10.0
JPASSOCIAT,"5,687",23.2,27.2,,19.8,0.00,3.69,-16.3,2.00
ALLCARGO,"8,291",84.4,98.0,36.6,12.6,0.92,11.9,11.4,2.00
ZEEL,"16,655",173,300,45.0,102,0.00,10.9,3.81,1.00
POLYCAB,"71,598","4,767","5,733",41.1,479,0.42,27.0,20.0,10.0
